sensor,p_value,effect_size,point_biserial_r,median_pass,median_fail,n_pass,n_fail,p_adj_BH
S060,5.6786377604731255e-11,0.3840804628064244,0.1557958883403045,0.7222500000000001,5.5222999999999995,1456,104,2.5099578901291215e-08
S104,9.5504298782319e-09,0.3363344390038435,0.15120312705546976,-0.0102,-0.008199999999999999,1461,104,2.11064500308925e-06
S511,3.4526122377580496e-06,0.272080503343337,0.13159328107797613,46.3768,58.2324,1461,104,0.0005086848696963526
S478,3.500083776759887e-05,0.24258222902697846,0.05618143035406241,5.1912,6.1204,1457,104,0.003559234654824992
S206,4.7171894020925405e-05,0.23853677208172752,0.053652049339051044,7.66,9.16,1457,104,0.003559234654824992
S130,4.831540255418541e-05,0.23799068881599827,0.10337260290550178,-0.1419,0.0,1454,104,0.003559234654824992
S029,6.955945523698205e-05,0.23420503898104728,-0.10725212086405805,69.2444,68.1556,1462,103,0.004392182744963724
S034,0.0001613608349533639,0.22114069241292222,0.0809465269366611,8.7662,8.8941,1462,104,0.00842924973849954
S342,0.00018691545877558448,0.21900902803442268,0.04973037659209031,2.36,2.721,1457,104,0.00842924973849954
S317,0.00019070700765836066,0.2186875197306113,-0.08941182439324656,5.861750000000001,5.5312,1462,104,0.00842924973849954
S022,0.00044614124732243596,0.20673236555855123,0.1084880091339335,-5529.0,-5447.25,1462,103,0.0179267664833197
S125,0.0004928452773214519,0.20414506401439003,0.09399358460421692,15.77,15.825,1454,104,0.018153134381340145
S291,0.0011566377144488413,0.1913502757708898,-0.014227751894150167,0.0821,0.1009,1454,103,0.03932568229126061
S181,0.0015210314248363312,0.18584262864358614,-0.07864933245109595,18.759999999999998,17.615000000000002,1462,104,0.04426416327434717
S126,0.001538907458109187,0.18566157020421126,-0.0838909963418634,1.144,1.078,1454,104,0.04426416327434717
S349,0.001602322652465056,0.18505105040893788,0.1301796090836677,0.0225,0.0246,1439,104,0.04426416327434717
S041,0.0019027763649620514,0.18209092852942743,-0.051792011503952566,78.33,77.10499999999999,1439,104,0.04947218548901334
S453,0.002406464048066626,0.17788461538461542,-0.07710126795985249,5.28895,4.9924,1462,104,0.05807212502215904
S299,0.0025487664027064325,0.17766591847847746,0.10251911824395865,0.0522,0.0587,1462,103,0.05807212502215904
S432,0.0026276979648035765,0.17712137914547166,0.12085079093506965,16.2048,18.381,1462,103,0.05807212502215904
S123,0.0028239427539653115,0.17506745317955774,-0.0783784606125748,3.882,3.5255,1454,104,0.059437271297746085
S122,0.003179768636449444,0.17281240080414773,0.08500386939788904,15.79,15.81,1454,104,0.06388444260502973
S153,0.0033944938507732897,0.17172023182297158,-0.004610246176319065,0.4656,0.5216000000000001,1460,104,0.06523331661051278
S080,0.003927570393785749,0.1691278665740097,0.07726505774629851,0.0,0.0076500000000000005,1439,104,0.07233275475222088
S288,0.004517647960916233,0.16644494204425708,-0.004801860254291431,0.1382,0.15610000000000002,1460,104,0.07788773195090896
S164,0.004581631291229939,0.16692122773697426,0.10033004808613227,0.119,0.135,1462,103,0.07788773195090896
S337,0.004848972958275927,0.1651323436179205,0.03959161996102749,9.06,9.49495,1456,104,0.0793794832428874
S103,0.005245170351186244,0.1636397233514597,-0.043231658576648554,0.0,-0.015349999999999999,1457,104,0.0827987605437257
S128,0.005885085686092085,0.16145778224526497,-0.07508273639618049,0.655,0.606,1454,104,0.08770811661516313
S096,0.005953039589264466,0.15118657937806879,0.06048161969876607,0.0,0.0001,1457,104,0.08770811661516313
S156,0.006386528953786712,0.16053471508126227,-0.026457582528120083,0.31,0.38,1454,103,0.08774667806321743
S296,0.006698293961603757,0.1596496354242758,0.09224857215608316,194.76595,225.9843,1462,103,0.08774667806321743
S429,0.006713474192153857,0.15963328481190153,-0.026457552740046558,2.4927,3.0225,1454,103,0.08774667806321743
S161,0.007081415084192398,0.15856055675826441,0.0900969908302875,433.0,507.0,1462,103,0.08774667806321743
S134,0.007110330384087211,0.15779143536875495,0.06780173913214349,1003.9712,1004.9164000000001,1455,104,0.08774667806321743
S057,0.0071467882585425965,0.15837877377310816,0.06397155992863802,0.9308,0.9318,1460,103,0.08774667806321743
S201,0.007687641485583485,0.15625660397295016,0.060604791849634645,17.145,17.83,1456,104,0.09183614963859191
S426,0.007966520996945245,0.1555387249736565,0.013847197040626417,4.75715,5.362500000000001,1460,104,0.09266321791183679
S131,0.008327591922210454,0.1546793990053963,0.07687039575905098,0.7586,0.771,1454,104,0.09437937511838515
S461,0.009763089188589697,0.15146532673892454,0.06058844513799341,26.0801,27.76375,1462,104,0.10788213553391615
S418,0.010824458582632115,0.14937082082872633,-0.0426343197873255,7.4552,6.73745,1461,104,0.11669294374447303
S469,0.011840362103969224,0.1472619928148775,-0.05543454198864259,157.16645,82.80505,1456,104,0.12460571547510468
S211,0.012578562958646268,0.1463489602822473,0.10254511000730454,0.079,0.08555,1439,104,0.1292959262260849
S015,0.01345615610209712,0.14486959957850365,-0.06898002475792725,8.982,8.527550000000002,1460,104,0.13517320448015743
S456,0.014540695105237008,0.14323108492055137,0.05627343835629933,3.6936,4.12,1462,104,0.14282193858921682
S184,0.015427338903069788,0.14197490266231716,0.05560260389443719,26.8705,29.823999999999998,1462,104,0.14823660424254015
S280,0.01647580694813676,0.1405715263518139,-0.03835152530534394,0.0373,0.03385,1461,104,0.15494269512928613
S320,0.017339146618020985,0.13946911501631065,0.05302540950474726,8.35595,9.01315,1462,104,0.15966464177427656
S366,0.018749560924517607,0.13774153635549935,0.05512448779251592,0.0046,0.005050000000000001,1461,104,0.1691286924211588
S435,0.019858493887407905,0.13713094178741714,0.11211607613206366,10.1496,11.3598,1462,103,0.17554908596468588
S145,0.02128029612660152,0.13499052282419832,-0.038351431961009506,0.1077,0.09975,1461,104,0.18442923309721318
S334,0.021874952990258368,0.13439100364289114,0.048711797188180445,5.9693,6.13485,1457,104,0.1859371004171961
S079,0.023132468687752213,0.1331988025872668,-0.04350705746174767,-0.0118,-0.0243,1439,104,0.19291605962238637
S352,0.025861072834476844,0.13067969209386865,0.043081373681402704,0.0251,0.02615,1439,104,0.209795691592902
S090,0.026156200250408417,0.13109200970186685,0.030649065514610753,0.1903,0.1855,1413,103,0.209795691592902
S283,0.026580449613580345,0.1299755172958459,0.010035397143522327,0.0053,0.00635,1461,104,0.209795691592902
S512,0.028750711887393636,0.118609487705997,0.054927109705918804,0.0,278.71979999999996,1461,104,0.2134501930499766
S036,0.028939053453472835,0.12803193728296325,-0.012280509112044188,64.1668,64.13875,1462,104,0.2134501930499766
S059,0.029049854550293863,0.12852772975129667,0.055871068798534554,4.5698,4.6082,1460,103,0.2134501930499766
S470,0.030191812755848955,0.12706562483501405,0.05266160769585399,5.4545,5.6459,1457,104,0.2134501930499766
S148,0.03067231420784171,0.12668483125361973,0.008038220004161795,0.0157,0.0189,1461,104,0.2134501930499766
S228,0.030688552099349935,0.12667166850945089,0.04170487932365324,0.0164,0.01745,1461,104,0.2134501930499766
S421,0.03162321947290349,0.1259740430684989,0.0069771452475733365,1.6281,1.9497499999999999,1461,104,0.2134501930499766
S001,0.03180526526200248,0.12585132780740182,-0.02514448003496811,3012.68,2989.3149999999996,1457,104,0.2134501930499766
S091,0.03204922295486527,0.1263716254749585,-0.053780494074221266,8835.5701,8745.81,1413,103,0.2134501930499766
S124,0.03237084518709243,0.12536371812506608,0.07232584201731068,15.83,15.844999999999999,1454,104,0.2134501930499766
S038,0.03238246641747737,0.12541434283910347,0.04132829992036051,66.229,66.27945,1462,104,0.2134501930499766
S077,0.03283849123845794,0.12515368578606934,-0.05570515245741313,-0.0283,-0.0353,1439,104,0.2134501930499766
S127,0.03346499683355657,0.1246627341022114,0.05507966737022842,2.735,2.7645,1454,104,0.21436997971640584
S214,0.03473003170801541,0.12383065162773288,0.04401203824174203,0.0558,0.0574,1439,104,0.21929534307061158
S198,0.03663824687614259,0.12250541154110128,0.05597477349292371,19.35,20.035,1457,104,0.22808598759514118
S282,0.03774640508341816,0.12177512767861853,-0.04770243326616795,0.014,0.01335,1461,104,0.2317209867620948
S588,0.03935011780577671,0.12077107229296014,0.03539205977672505,0.0148,0.0168,1462,104,0.23825687767333298
S431,0.04036764142639243,0.12070179166722006,0.11006708013291931,10.98515,13.4729,1462,103,0.23922786760338716
S271,0.04059296395985076,0.12003402975625188,-0.02825625401936716,28.85895,27.61625,1458,104,0.23922786760338716
S101,0.04339827597542954,0.11764822343065306,0.06513664543081593,0.0,0.0,1457,104,0.25239523659394547
S136,0.04492831969224178,0.11754115226337447,-0.02740714186255948,109.0,103.0,1458,104,0.2579002247268944
S176,0.04587009353253835,0.11702883300010525,0.04289410075077485,0.7661,0.799,1462,104,0.2599305300177173
S544,0.04748173975469337,0.10911914916021703,-0.05132279510964234,0.0078,0.0078,1461,104,0.26565732875410725
S189,0.04902123521621224,0.1153780385141534,0.04716635197786841,39.8865,46.6845,1462,104,0.2689398915873336
S409,0.04954812906656453,0.11512081882452252,-0.027315677103808438,4.94955,4.7464,1458,104,0.2689398915873336
S378,0.049893826041089044,0.11463433896698794,-0.034963973553800445,0.0015,0.0015,1461,104,0.2689398915873336
S012,0.05088683188003373,0.11444347917653874,-0.03262173368389976,0.9659,0.963,1461,104,0.270174559070593
S480,0.05192568013294912,0.11394593738450975,0.0397852960144306,3.1776,3.2996499999999997,1457,104,0.270174559070593
S295,0.05195664597511404,0.11443294861408104,0.08213255837548729,275.1465,313.2161,1462,103,0.270174559070593
S447,0.05389413863844474,0.11299063453646219,0.041560363788512474,1.1566,1.2026,1462,104,0.2766069480491158
S583,0.0544452590051427,0.11272755971798376,0.047020933619680856,0.5001,0.501,1462,104,0.2766069480491158
S160,0.05629363114255014,0.11238760575352291,0.07822669730674554,615.0,686.0,1462,103,0.28274755642053595
S118,0.059851975664610264,0.1103041695146958,-0.016719907915631316,58.5502,58.4634,1463,104,0.2953312789333773
S543,0.06013532828960171,0.10363028484178383,-0.05098907666073292,0.1096,0.1096,1461,104,0.2953312789333773
S489,0.06337415415007971,0.10870262468594638,-0.04639778756360685,351.2931,312.61345,1439,104,0.3074740543618604
S196,0.06399912443731032,0.10905705545950262,0.03714296675680184,0.258,0.272,1460,103,0.3074740543618604
S208,0.07451596845349455,0.10454833430125121,0.03537185925987605,19.66,20.299999999999997,1457,104,0.3541511618972537
S116,0.0755994930729072,0.1041458541458542,-0.04365353180415482,751.3749,745.58995,1463,104,0.3554784674279254
S589,0.07675147590049278,0.10372382405556135,0.031167707720319154,0.0046,0.0053,1462,104,0.3570963405054506
S071,0.08052822614975856,0.10244971226439992,-0.05201993008396021,619.0991,617.3468,1457,104,0.3684913105807345
S182,0.08086800254826074,0.10232295064716412,-0.0433397524490224,0.527,0.4755,1462,104,0.3684913105807345
S468,0.08320293085999719,0.102008245777364,0.03654202044525075,5.6328,5.9115,1460,103,0.3723097256061088
S011,0.08339063989820084,0.10148475754225239,0.03364099219007026,0.0003,0.00205,1461,104,0.3723097256061088
S129,0.0856356074381318,0.10076975981377634,0.03207589353095202,3.195,3.2375,1454,104,0.37656914316021506
S424,0.08660277424696433,0.10044783983140149,0.04790493382738978,69.55485,72.06165,1460,104,0.37656914316021506
S417,0.08690057149851117,0.10036636334779381,-0.042193627353901406,3.2383,3.0709,1454,104,0.37656914316021506
S064,0.08860085062719887,0.09982565511411667,0.059921518214960445,13.2255,13.4103,1456,104,0.37955051451848965
S144,0.0912900679791803,0.09893794307480697,-0.043794893524361646,0.0039,0.0038,1454,104,0.37955051451848965
S311,0.0918415748478678,0.09881090182047769,0.039496655168951636,0.3011,0.3094,1462,104,0.37955051451848965
S289,0.09299408418698525,0.09844573234984189,0.025215379262878163,0.0036,0.00415,1460,104,0.37955051451848965
S344,0.09322693715117907,0.09840425531914898,0.030857432297175403,5.9979,6.20955,1457,104,0.37955051451848965
S454,0.09396116957819656,0.09817294538566768,-0.0416677724454169,5.2529,4.696400000000001,1462,104,0.37955051451848965
S318,0.09398303882168026,0.09816636851520566,-0.03970804158839221,0.1642,0.15689999999999998,1462,104,0.37955051451848965
S240,0.09445827284396802,0.09799663033749284,-0.025794699402884057,0.0044,0.0042,1461,104,0.37955051451848965
S069,0.1024411730734734,0.09573808141069629,-0.05208532220927762,147.6355,147.06545,1457,104,0.40791890539166886
S281,0.10518741357273992,0.09496919917864477,-0.0504652422256059,0.017,0.0162,1461,104,0.4151146142781343
S147,0.10718737627226575,0.09442952666771975,-0.04350705359012334,0.0501,0.04915,1461,104,0.41551070519707883
S154,0.10876776485600383,0.09400684931506853,0.021713045143675152,0.0109,0.012650000000000002,1460,104,0.41551070519707883
S476,0.10876960578890751,0.09401562747479009,0.044470307629485346,4.2753,4.3687000000000005,1457,104,0.41551070519707883
S325,0.1090480583775139,0.09393086393770389,0.03966419420862552,12.312100000000001,14.5897,1462,104,0.41551070519707883
S574,0.1102008717083537,0.09362348178137658,-0.05187305902415335,0.2936,0.2824,1463,104,0.4163144042315584
S341,0.1128242627859323,0.09295311757562963,0.034598347888730965,0.0462,0.05275,1457,104,0.4202996530217383
S427,0.11315759889046799,0.09286090621707055,0.020547637546725363,1.1258,1.301,1460,104,0.4202996530217383
S033,0.1144546128096611,0.09252341365884453,0.05213327672763869,85.1237,85.23855,1462,104,0.42157449051558504
S546,0.11542099613156658,0.0870320644447955,-0.045940903913706976,7.116,7.116,1461,104,0.4216204982657225
S138,0.12016266035762194,0.09151668210380415,0.029859264983977212,116.6,136.5,1457,103,0.4319019377706793
S273,0.12018990575971392,0.09151001859120012,0.031091119666887608,39.5847,45.3547,1457,103,0.4319019377706793
S444,0.12176639761224828,0.09070162054088182,0.036762128351822576,0.6417999999999999,0.6452,1462,104,0.43403828826301405
S300,0.12291793624190014,0.09083181703478416,0.08803188922221782,0.039650000000000005,0.0427,1462,103,0.4346378225513589
S411,0.12440363130482268,0.09048383765017887,0.029546260336975577,4.6972,5.3351,1457,103,0.4364000399740605
S039,0.12752127327819152,0.08932705461433232,0.05260164320983916,86.8196,86.8438,1462,104,0.43692060944904193
S446,0.12791424879834568,0.08923497842786487,0.037746069810020606,0.6505,0.661,1462,104,0.43692060944904193
S485,0.12881592635841427,0.0889506601806811,-0.04377594959029017,139.6564,132.15730000000002,1439,104,0.43692060944904193
S175,0.12889972857271634,0.08900478796169631,0.03719023088347703,0.3236,0.3265,1462,104,0.43692060944904193
S173,0.1294945697688337,0.08886667368199519,0.03717160781479193,0.3236,0.3265,1462,104,0.43692060944904193
S017,0.13098574033148766,0.08852739726027392,0.002356248694966441,9.84715,9.9086,1460,104,0.4385455327823211
S563,0.1319605336200197,0.09899093904448097,-0.04896701613399593,264.272,264.272,1214,80,0.4385455327823211
S340,0.1335116994795071,0.08795734121746479,0.029952062525303032,9.4583,9.7945,1457,104,0.4403893370891205
S576,0.14508244716019555,0.085408013039592,-0.05273135177656256,0.0898,0.0888,1463,104,0.47501067885041803
S204,0.147572857598078,0.08489520088696478,0.04548499248675529,30.085,30.72955,1457,104,0.47894323553056767
S487,0.1484507313748592,0.08325760410541505,0.025424700648904393,248.9805,267.75260000000003,1439,104,0.47894323553056767
S045,0.1498341893333514,0.08441413237924866,-0.02317943622692683,10.036999999999999,10.0078,1462,104,0.47990370786479225
S578,0.15188765729180376,0.08398838004101172,-0.04963268746221562,13.8979,13.5037,1463,104,0.48298089584875725
S332,0.15448762384446135,0.08384093629472,0.03485594865118309,0.0845,0.0867,1460,103,0.4877394981375137
S023,0.15747827432696127,0.08323482926699688,-0.07371345773814933,2665.25,2635.75,1462,103,0.48832326706336915
S522,0.15842273357390224,0.01647037173352961,0.036722331780134995,0.0,0.0,1463,104,0.48832326706336915
S434,0.15885279993200463,0.08288951164118841,0.04776929951895735,150.0739,168.9677,1462,103,0.48832326706336915
S119,0.15909174311566776,0.08258272304484948,-0.02288898671792549,0.599,0.5978,1439,104,0.48832326706336915
S548,0.16389334592443727,0.08965201988457805,0.0482049935791325,402.966,404.546,1221,86,0.49959213033518124
S500,0.16559511906309732,0.07442873690306961,-0.030052362797909925,0.0,0.0,1461,104,0.5013222097663631
S066,0.1695889908374082,0.08052224218089599,0.05482607369716901,26.21745,27.97485,1456,104,0.5078748332145494
S065,0.17116935142388323,0.08022506339814028,0.07656346774364126,20.011850000000003,20.85955,1456,104,0.5078748332145494
S068,0.17120667454517613,0.08021619766643784,0.039537720952073474,0.9762,1.0128,1457,104,0.5078748332145494
S115,0.17673210914130733,0.016141752983858226,0.06865473715229198,0.0,0.0,1463,104,0.5112831960677984
S388,0.17673212539190708,0.016141752983858226,0.06631450502204457,0.0,0.0,1463,104,0.5112831960677984
S250,0.17673213351720718,0.016141752983858226,0.0664776186361016,0.0,0.0,1463,104,0.5112831960677984
S031,0.17698264479269943,0.07949610189526246,0.03738136432873856,0.1866,0.1878,1462,103,0.5112831960677984
S067,0.17956209179280114,0.07867852806082043,-0.039031686516302004,706.7519,704.8969999999999,1457,104,0.5153665231975202
S018,0.1814086453245367,0.0783390410958904,-0.009697824120441267,0.9726,0.97095,1460,104,0.5173072337641628
S082,0.1861364484702711,0.07753782006735443,0.023615009887405905,-0.0197,-0.0192,1439,104,0.5243721487388366
S205,0.18625888541175872,0.07748402935431076,0.030322947010731568,0.1575,0.1718,1457,104,0.5243721487388366
S102,0.1995009497836696,0.07361015785861369,-0.024993661772926123,0.0,0.0,1457,104,0.55809759369862
S561,0.20603975979557076,0.07412133010628219,0.02005342935335163,0.05865,0.06155,1462,104,0.572764615280769
S121,0.21253431958874602,0.07307166517692831,-0.020277002721614902,6.3146,6.305300000000001,1463,104,0.5827087857738912
S460,0.21350980580207835,0.07291776281174367,0.006456534790050196,2.824,2.9279,1462,104,0.5827087857738912
S412,0.21483182853254745,0.07272920316398579,0.047298120350527786,2.5459,2.59155,1449,104,0.5827087857738912
S279,0.2165753214075501,0.07208231933128761,-0.035674744210445634,0.0011,0.001,1454,104,0.5827087857738912
S358,0.2166469622767001,0.07201929703652654,0.013984520985452279,0.0009,0.001,1451,104,0.5827087857738912
S165,0.21754659752931327,0.07260303082623887,0.08804619571714213,0.089,0.095,1462,103,0.5827087857738912
S419,0.2196721002125186,0.07067735481493176,-0.030177879975182103,306.5342,258.74265,1461,104,0.5827087857738912
S135,0.22016372675167384,0.07188078244779272,-0.03055818123635767,38.992,38.698350000000005,1455,104,0.5827087857738912
S556,0.22355055820015968,0.07838599699064819,0.02454867126156442,54.2784,58.80455,1221,86,0.5881508733599439
S084,0.22693609746628418,0.07082631800484052,-0.024494846612726266,7.4792000000000005,7.3835999999999995,1462,104,0.5935251779887433
S188,0.22849281493287266,0.07058955066821004,0.005704590056225753,17.8,18.4,1462,104,0.5940813188254689
S570,0.23066610586525216,0.07876853377265236,0.052125253594339324,16.822400000000002,19.21335,1214,80,0.5942465751892323
S117,0.2312452736030497,0.07010095167989894,-0.012911576838140803,0.9905,0.9905,1463,104,0.5942465751892323
S146,0.2327676931253646,0.06994682251355755,-0.04391963613855265,0.0587,0.0571,1461,104,0.5947012737653824
S436,0.23853334439922458,0.06940220206393688,0.10906676825143326,4.52685,4.7577,1462,103,0.6059295300256164
S492,0.24072488605475717,0.0687854530032338,0.01400417651887527,2.2471,2.3552999999999997,1451,104,0.6080022836354438
S486,0.2435892580033029,0.06833003688458872,-0.030872932894440368,113.5201,99.4493,1439,104,0.6117412047582947
S389,0.25108344759128953,0.0672748304327252,0.01972254991963767,32.4526,33.447199999999995,1463,104,0.6238207125444448
S220,0.25122191591156373,0.06724142501192809,0.012173689686551702,0.003,0.0031,1451,104,0.6238207125444448
S498,0.2551968601153166,0.06707480469152594,0.02533095885229309,10.8846,11.4069,1413,103,0.6301509059830723
S272,0.26152564920851196,0.06582281822501457,0.026892680054163946,45.5121,47.2662,1457,104,0.6420207226343246
S308,0.2638663974869945,0.06549247606019148,0.021865962243934105,0.1295,0.13145,1462,104,0.6420207226343246
S310,0.2647310777837575,0.0653740923918763,0.02184222654033209,0.1295,0.13145,1462,104,0.6420207226343246
S369,0.26710501182585233,0.0650242859405522,0.008845410221123163,0.0028,0.003,1457,104,0.6420207226343246
S009,0.26726654516904014,0.06503053756647181,0.028017655995639823,1.4611,1.4685000000000001,1461,104,0.6420207226343246
S139,0.2781217909250491,0.06359160163507993,0.04756632636748488,55.8999,56.75,1449,104,0.6633517380876308
S048,0.2802278955626004,0.06329580132589707,0.028164183009949335,1.2500499999999999,1.2717,1462,104,0.6633517380876308
S252,0.2806488122678438,0.06305536568694459,-0.010314764321656381,0.001,0.0009,1463,104,0.6633517380876308
S364,0.2829027163846132,0.06330261991631114,0.02956936125399852,308.4376,332.3357,1413,103,0.6651223438404203
S319,0.28896502374192745,0.062158002735978046,-0.03566463624553506,2.90395,2.8289999999999997,1462,104,0.6727914761410431
S072,0.2892090055809914,0.06213373105960618,-0.002040071051641829,102.6512,100.6563,1457,104,0.6727914761410431
S003,0.2924136347751791,0.06173355629877375,-0.0009574484044741587,2201.0667,2196.6889,1449,104,0.6766849558671684
S089,0.2940038724581303,0.061510857563489174,0.026864623157368733,1809.2492,1809.81725,1463,104,0.6768214147213208
S092,0.3018250375996202,0.06053006705031416,0.009356568177081888,0.0,0.0104,1457,104,0.6912262519120836
S524,0.3041795202329768,0.060229244439770735,-0.01040144400786649,0.1001,0.09259999999999999,1463,104,0.6930275667163698
S203,0.31099665450886915,0.05939613271344035,0.013427576623548121,8.4535,8.904499999999999,1456,104,0.7049257502201034
S560,0.3132361893880674,0.059112911712090876,0.024099945355843866,0.2909,0.3104,1462,104,0.7063795699465601
S523,0.31669586228277025,0.058691308691308675,0.01367663671782917,13.6455,14.359300000000001,1463,104,0.7105561986242865
S049,0.32358331978422117,0.057863306324318575,-0.015267194039744206,140.03725,139.85045,1462,104,0.7203188860222733
S094,0.3243064667837837,0.057771284157321134,0.031131780497955973,-0.0002,0.0,1461,104,0.7203188860222733
S171,0.3265588344038325,0.05750815531937281,0.03663501892152361,0.6856500000000001,0.6969,1462,104,0.7216950240324698
S226,0.3305580529698968,0.05735919581692883,0.020059368366742717,966.7002,988.7002,1413,103,0.7268988030482308
S199,0.3324860675654706,0.05681458212343593,0.039650929131996825,0.421,0.474,1457,104,0.727519019128406
S562,0.33571258639253787,0.05642954856361149,0.026177305899647015,29.50875,30.957500000000003,1462,104,0.7309604097807967
S335,0.33949851790041474,0.05599625151787124,0.040785248056305914,0.1291,0.1351,1457,104,0.7355801221175653
S099,0.3431994571505299,0.05556728789398657,-0.02069757959090443,0.0,0.0,1457,104,0.7399715124904108
S471,0.3566165165875649,0.054042817169104085,0.03824258970904544,4.0185,4.5051000000000005,1457,104,0.7651674773383673
S572,0.35840509103444573,0.05383432357116569,-0.01935328737731454,2.1136,2.2036,1463,104,0.7652900977643721
S107,0.3606482358839527,0.053580856343382166,-0.028820948732697752,0.0002,0.0,1457,104,0.7656070608575721
S037,0.36274318752846535,0.05335157318741446,-0.0025361037449415647,49.6004,49.6194,1462,104,0.7656070608575721
S035,0.36374996104092794,0.05323976638956118,0.0025360119054704117,50.3996,50.3806,1462,104,0.7656070608575721
S472,0.3734818000050171,0.05217517554511375,0.059650811226809014,7.3755,7.5924499999999995,1457,104,0.7756749237663835
S056,0.37349347342590256,0.05240058518419999,-0.008988773375257053,2854.0,2850.0,1460,103,0.7756749237663835
S392,0.3737980967471486,0.052159619393809864,0.0038287891294481752,0.0102,0.01,1439,104,0.7756749237663835
S545,0.38027954621347193,0.04755041331016685,0.022083491116869337,0.0026,0.0026,1461,104,0.7854371935810962
S087,0.3832785216222103,0.05110678794889323,0.024974471111368444,2.4036,2.4093,1463,104,0.7879493328233348
S312,0.3879996550157737,0.05060244133431557,-0.01859322064670886,0.0983,0.09215,1462,104,0.789430491018066
S336,0.39033500178170066,0.0503603294440631,0.034518847741193945,2.5089,2.57665,1457,104,0.789430491018066
S021,0.39072697358325637,0.05031153057468851,0.02325291305715759,1.4059,1.40685,1463,104,0.789430491018066
S438,0.391143161839268,0.05049606205092105,0.07000909131800655,3.7706,3.9314,1462,103,0.789430491018066
S542,0.3929405900521662,0.050085910652921006,0.024818215642535554,9.4593,9.398150000000001,1455,104,0.7894533672866249
S477,0.39563628163096576,0.04979937701282933,0.02855048587038102,15.928,17.5834,1457,104,0.7912725632619315
S042,0.3989947674465105,0.04946677714224623,0.002481715069679018,3.074,3.093,1439,104,0.794394987438548
S216,0.4037289815221897,0.04897230983054479,-0.018482955451570665,0.083,0.08085,1439,104,0.8002161875910666
S239,0.4113291223263815,0.04814931816985202,0.024177679957480283,0.0046,0.0046,1461,104,0.811640500304735
S440,0.4138329717759228,0.04811868301170086,-0.02030477872746434,65.4416,65.4378,1462,103,0.8129518823331461
S354,0.41602718961847185,0.04770273159779759,-0.019014741997944645,0.0422,0.040650000000000006,1439,104,0.813109113987163
S350,0.41759223727395023,0.04754236382102961,0.04510781562589799,0.024,0.02445,1439,104,0.813109113987163
S010,0.4215463496957432,0.04711604275259296,-0.03119201638796904,-0.0013,-0.0018,1461,104,0.8166663713855103
S061,0.42311447748253816,0.046961617654822874,-0.0183449610119611,353.7991,353.67775,1457,104,0.8166663713855103
S209,0.4269700468719564,0.04657225067314297,-0.022765886106470408,73.405,71.7015,1457,104,0.8205250465974118
S442,0.43006858768820777,0.046255129958960306,0.03325378495601816,0.8061499999999999,0.8089,1462,104,0.8226608756246152
S406,0.4318038985178976,0.0460877610362147,-0.012914960668184369,0.0239,0.02305,1455,104,0.8226608756246152
S525,0.44020997502161463,0.04524422945475581,-0.005837365699705685,4.8749,4.969,1463,104,0.8350764333028055
S540,0.4437276165005146,0.04490483743061069,-0.016887526720956985,3.0869,3.00395,1455,104,0.837977094815208
S081,0.4472517217978055,0.04457555995082063,-0.030997271435327878,-0.0087,-0.00935,1439,104,0.837977094815208
S183,0.44852611631873496,0.04442675997053569,-0.03126969112031737,10.23,9.985,1462,104,0.837977094815208
S063,0.4507997236710062,0.044209651021593466,-0.019015020767296626,116.2155,115.77275,1457,104,0.837977094815208
S324,0.4512184356697274,0.044163685152057264,0.0057267468117974734,5.444850000000001,5.4765,1462,104,0.837977094815208
S345,0.4548659433966029,0.04381368459954604,-0.023052221501259604,23.3064,23.11665,1457,104,0.8382620188216222
S251,0.45516489709771346,0.043778589831221404,0.006964152041299155,102.9943,106.0566,1463,104,0.8382620188216222
S268,0.45821206341267195,0.04349061591329639,-0.014921523215709583,0.0711,0.06914999999999999,1455,104,0.840372332068054
S445,0.461800029919361,0.043137693359991625,-0.006714359935154929,0.9033,0.8943,1462,104,0.8419854024832019
S093,0.4629014769308101,0.04302901068814835,-0.008274249984901684,0.0004,0.00015000000000000001,1461,104,0.8419854024832019
S202,0.47597707632946484,0.04178994082840237,0.02880950196788993,6.755,7.085,1456,104,0.8456835312589243
S200,0.4778742895503497,0.04160947151681538,0.05198822115721491,8.56,8.605,1457,104,0.8456835312589243
S390,0.47919064120209875,0.04034781008465216,-0.01037182022841845,0.0003,0.0003,1463,104,0.8456835312589243
S448,0.4800247968853596,0.041401399558034235,-0.014791345738828884,0.2797,0.2718,1462,104,0.8456835312589243
S565,0.4809920709408404,0.046313838550247066,0.015542425150494907,5.14,5.665,1214,80,0.8456835312589243
S420,0.4810835011886815,0.03931053546043284,0.01425195453839347,266.3959,332.56865000000005,1461,104,0.8456835312589243
S553,0.48210160145010306,0.04527360341313824,0.005066460655163925,0.197,0.21785,1221,86,0.8456835312589243
S590,0.48260893713438335,0.04115805535094186,-0.0026535101898090257,71.67665,76.05855,1462,104,0.8456835312589243
S339,0.48544113931885824,0.040898404480135264,0.006829910363460179,2.5456,2.6252500000000003,1456,104,0.8456835312589243
S571,0.48577241264757487,0.04086045533413951,-0.0016561585426603555,532.4136,532.24635,1463,104,0.8456835312589243
S569,0.48598103380037727,0.045788714991762736,0.01890118891335817,1.98815,2.2344,1214,80,0.8456835312589243
S177,0.4881552494787904,0.04063848258444702,-0.01431487959798346,0.24325000000000002,0.2363,1462,104,0.8458666913093159
S393,0.4911602031789777,0.04034781008465216,-0.021268083768762797,0.0049,0.004699999999999999,1463,104,0.8458666913093159
S455,0.4918274653088104,0.04029648532042507,-0.03334677998039293,7.4352,7.1962,1462,104,0.8458666913093159
S197,0.49621645997181507,0.03989460059171601,0.053384697892035406,6.77,7.085,1456,104,0.8460821951894475
S218,0.4990226371590155,0.039650932805901484,0.011582674441288346,0.0616,0.0627,1439,104,0.8460821951894475
S255,0.5026912443994902,0.039289657710710246,-0.021508857776908214,0.015,0.014700000000000001,1463,104,0.8460821951894475
S212,0.5043904216583891,0.03915646549420004,0.044051229131674925,0.0532,0.054,1439,104,0.8460821951894475
S408,0.5048867187121827,0.039095955590800924,0.021186286901850974,1.2397,1.2397,1455,104,0.8460821951894475
S566,0.5049097906436892,0.04382207578253705,0.045848100394410216,0.1189,0.1335,1214,80,0.8460821951894475
S229,0.5053522613801225,0.039047280577054755,0.011053572538314835,0.0154,0.015649999999999997,1461,104,0.8460821951894475
S302,0.5119758019176911,0.03861580757839378,0.04790103337247128,0.8588,0.8846,1462,103,0.8536638975609575
S008,0.5154643423540715,0.03812427256374984,0.0129933059368391,0.1224,0.1222,1454,104,0.8536638975609575
S550,0.5175218958311611,0.041683332381006855,0.00431863108619783,0.469,0.5033,1221,86,0.8536638975609575
S568,0.5176061641319832,0.04252471169686989,0.04590453701599744,0.0485,0.05445,1214,80,0.8536638975609575
S527,0.5216118684940684,0.037567695462432216,-0.021536273268857813,1.5571,1.5164499999999999,1463,104,0.8539488796270487
S490,0.5234380959257628,0.037385737959052756,0.01934867466441386,218.9356,230.6351,1439,104,0.8539488796270487
S585,0.5246995497772753,0.037257971166999915,0.005418758598128011,0.0036,0.0037,1462,104,0.8539488796270487
S058,0.5255070028474146,0.0373852905971539,-0.019611613723746694,0.9493,0.9495,1460,103,0.8539488796270487
S253,0.5287774814810916,0.036923602713076376,-0.006634288784790144,2.8641,2.9175,1463,104,0.8561159223979579
S363,0.5314795131315727,0.036890455479287265,0.013163865772722046,0.0125,0.012,1413,103,0.8573501635188143
S284,0.5358972677937834,0.03628968567366919,-0.00668036974922224,2.6654,2.59355,1461,104,0.8613330631449173
S105,0.5395686514286648,0.035921128836939875,-0.03884827217855024,0.0,0.0001,1461,104,0.8640918258386588
S174,0.5528536578594303,0.03479164474376506,-0.007325248719351977,0.5785,0.5729500000000001,1462,104,0.8812123562504403
S133,0.5545521149564234,0.03464842717420036,0.0003654155762966224,2.3122,2.3236,1455,104,0.8812123562504403
S219,0.5562403787191693,0.034495685572977,-0.01481392958706779,3.6243999999999996,3.6746,1462,104,0.8812123562504403
S024,0.5657450702270543,0.033821205158514056,0.012931837148472023,-3821.0,-3771.25,1462,103,0.8930690037155643
S360,0.5713362494294295,0.033183921341816025,0.03307690382551899,0.0196,0.01935,1463,104,0.8985254320085481
S587,0.5755929092207551,0.03281858360517731,0.004156532541219719,0.0205,0.02055,1462,104,0.8985254320085481
S387,0.5768286929963369,0.03271071034228934,0.008212251897136816,0.0068,0.007050000000000001,1463,104,0.8985254320085481
S225,0.5792270938810405,0.03269226805186243,0.01448362669452942,0.0399,0.038,1413,103,0.8985254320085481
S215,0.5812211320583613,0.032354198962954994,-0.03279516373876781,0.0756,0.0738,1439,104,0.8985254320085481
S306,0.5814290384204077,0.03231874145006841,0.02082924852888998,0.2643,0.26180000000000003,1462,104,0.8985254320085481
S547,0.5834316719150527,0.03532179113574463,-0.013639969134555884,0.9116,0.88705,1221,86,0.8985254320085481
S303,0.5892448842415063,0.0317957844686757,0.02480687398670576,0.38045,0.3877,1462,103,0.8987290418708735
S433,0.5893932414045775,0.031782503021529185,0.004451622827342632,57.6483,60.5054,1462,103,0.8987290418708735
S114,0.5916359041170305,0.03144881434355118,0.001328358227730586,0.9464,0.9475,1463,104,0.8987290418708735
S559,0.5916971746253941,0.03144401767862781,0.023153535791885387,0.9721,0.9772,1462,104,0.8987290418708735
S410,0.5946007186265104,0.03120215405733595,0.013324812241928516,4.4955,4.3893,1457,104,0.9000462932634163
S481,0.6003830652112803,0.03071379547014419,-0.011572095985966774,70.6937,65.0282,1457,104,0.9025301878428834
S044,0.601666153918784,0.03060217825949696,-0.0204701410151283,353.63365,354.08095000000003,1462,104,0.9025301878428834
S040,0.6036965372934938,0.030431179627486094,-0.002126786014096658,118.4082,118.2566,1462,104,0.9025301878428834
S355,0.6061351748955234,0.030242689902175712,-0.006882796852056356,0.0443,0.04345,1439,104,0.9025301878428834
S137,0.6085520418382226,0.030027453671928606,0.011299474964926698,135.0,131.95,1457,104,0.9025301878428834
S307,0.6098098776443134,0.029918183731453274,0.0033426409209575125,0.0448,0.045799999999999993,1462,104,0.9025301878428834
S270,0.612496330040355,0.029698651863600323,0.018032526680861832,3.7035,3.69735,1455,104,0.9025301878428834
S151,0.6141505049366319,0.02955742887249735,-0.012131338165011626,5.9555,5.8605,1460,104,0.9025301878428834
S357,0.6146189740739998,0.02951699463327362,-0.00990410218386514,1.2555,1.2409,1462,104,0.9025301878428834
S483,0.62007186450293,0.028632330143796514,-0.009230610303578655,295.3054,269.087,1439,104,0.9062573993213778
S298,0.6224857508805857,0.02899339912076815,-0.003929834485914139,819.64155,824.032,1462,103,0.9062573993213778
S555,0.6234282687307127,0.03162676418490373,0.06408063272803385,0.4767,0.49805,1221,86,0.9062573993213778
S297,0.625358612653892,0.028754333072131488,-0.015855874962412454,1194.1928,1396.9153,1462,103,0.9062573993213778
S554,0.627828189720398,0.031226787040740556,0.05332181266877024,7.3994,7.5207,1221,86,0.9064749951483883
S407,0.6296104604311203,0.028277821834522876,0.022869740058484758,5.9201,6.08685,1455,104,0.9064749951483883
S170,0.6370668270018361,0.02778478743043844,-0.011458049093787174,0.413,0.394,1462,103,0.9115343605837639
S020,0.6381058868796854,0.02770395694501948,0.030656943131283632,12.4998,12.4896,1454,103,0.9115343605837639
S163,0.6396462488640846,0.027572284276094705,-0.005830850048074746,1780.0,1790.0,1462,103,0.9115343605837639
S052,0.6486134680087499,0.02671524781647905,0.006004856606591011,182.2799,193.0888,1462,104,0.9115343605837639
S095,0.6501586046576929,0.02585660735969597,-0.002488227727393884,0.0,0.0,1457,104,0.9115343605837639
S172,0.6532981128136806,0.02633378932968533,0.0034030002478304955,0.1125,0.11535,1462,104,0.9115343605837639
S016,0.6541691418322373,0.026264488935721864,-0.002884661248741839,412.20425,412.54735,1460,104,0.9115343605837639
S361,0.6550325535557442,0.02613176297386821,0.0386077236979232,0.0007,0.0008,1463,104,0.9115343605837639
S132,0.6550687070288923,0.02618770500476142,0.01798195145789011,0.9977,0.9978,1454,104,0.9115343605837639
S313,0.6598675531650233,0.025801062822266685,-0.0031310759925411245,0.1216,0.1184,1462,104,0.9115343605837639
S422,0.6628339014463995,0.025562049176012236,-0.005196628787345491,3.9426,4.0389,1461,104,0.9115343605837639
S051,0.6631244606249924,0.02553798800378826,-0.01517543745189877,631.395,631.01775,1462,104,0.9115343605837639
S030,0.6669673201777517,0.025341001155485876,0.017193016769089742,2.3778,2.3889,1462,103,0.9115343605837639
S441,0.6691148532115696,0.025168342342581695,-0.007479935025594138,12.1176,11.781,1462,103,0.9115343605837639
S449,0.6699760860864847,0.024985530884983786,-0.0035438017823226408,0.2512,0.2417,1462,104,0.9115343605837639
S443,0.6718577445624004,0.024834262864358525,-0.013393933961901888,1.2662,1.23665,1462,104,0.9115343605837639
S338,0.6749874850606596,0.02458659129332208,0.053490973264392505,2.0549,2.03715,1456,104,0.9115343605837639
S416,0.6770305582250966,0.024426660296225533,-0.0193685325362945,6.1722,6.20965,1449,104,0.9115343605837639
S078,0.6808253987544829,0.024128668412893517,0.005416451510445688,-0.01,-0.00865,1439,104,0.9115343605837639
S178,0.6839273954741971,0.023867462906450587,-0.0036274609127936817,0.299,0.286,1462,104,0.9115343605837639
S584,0.684579828808793,0.023814847942754902,0.005980955457802551,0.0138,0.0138,1462,104,0.9115343605837639
S256,0.6850369169308821,0.023778852726221045,-0.011729853125930195,0.4059,0.39305,1463,104,0.9115343605837639
S333,0.687379230530643,0.023595995350803034,0.034725983583352375,2.0655,2.03715,1456,104,0.9115343605837639
S025,0.6883590349666946,0.023621053750016552,-0.018380304363850956,-83.125,37.25,1462,103,0.9115343605837639
S149,0.689433882690458,0.02342968462064965,-0.005603649656039423,7.9152,8.08085,1461,104,0.9115343605837639
S356,0.6894497421628651,0.023440423370930663,0.00898586950596255,0.0294,0.0288,1439,104,0.9115343605837639
S552,0.6964790720059645,0.025122373959583277,0.06407132367605989,1.15,1.255,1221,86,0.9115343605837639
S501,0.6965791648266659,0.0205009740430685,0.01463500606384071,0.0,0.0,1461,104,0.9115343605837639
S028,0.7006892792003143,0.022638226661177097,-0.029338548788762346,7.26475,7.258,1462,103,0.9115343605837639
S491,0.7023197216473291,0.022407397663895656,-0.006710816334775965,48.489900000000006,49.5535,1462,104,0.9115343605837639
S162,0.7028638323419998,0.022465567848272694,-0.01959805094632167,2595.0,3185.0,1462,103,0.9115343605837639
S377,0.704493407589682,0.022185805296688232,0.020716293059985402,0.0016,0.0016,1461,104,0.9115343605837639
S249,0.7077519812553072,0.02197802197802201,0.008911648540406577,0.021,0.0211,1463,104,0.9115343605837639
S305,0.7081425858176689,0.022047202263158594,-0.007613172023152587,0.1375,0.1371,1462,103,0.9115343605837639
S495,0.7109256896041984,0.021728271728271742,0.03518179049884558,0.2308,0.23785,1463,104,0.9115343605837639
S528,0.7109260609159569,0.02172827172827163,-0.010425051989558325,6.4251,6.295,1463,104,0.9115343605837639
S391,0.7145211945032452,0.02144565960355438,-0.006804751502660936,0.8787,0.87005,1463,104,0.9115343605837639
S106,0.717423961357021,0.02121720078137379,0.00046554347554168384,-0.0003,0.0,1457,104,0.9115343605837639
S167,0.7205614724559354,0.02105109372717251,0.05236154259791384,2.6,2.7,1462,103,0.9115343605837639
S521,0.7212267088833375,0.0209198696040801,0.00769096308890164,2.221,2.2275,1463,104,0.9115343605837639
S100,0.7216646213397957,0.020887228763000865,0.04644829321549379,0.0,-0.0014,1457,104,0.9115343605837639
S223,0.722085307781563,0.020847573479152448,0.03129439180688461,0.0023,0.0023499999999999997,1463,104,0.9115343605837639
S586,0.7233193968740641,0.02075660317794381,0.005034495837175479,2.75765,2.7591,1462,104,0.9115343605837639
S222,0.7255100000368696,0.020584678479415364,0.02160888382012666,0.061,0.058300000000000005,1463,104,0.9115343605837639
S575,0.7271099102431076,0.02045980335454023,-0.034713496571736585,2.9696,3.097,1463,104,0.9115343605837639
S168,0.7279901115069427,0.020426865711287934,0.022464625789624895,1.2,1.2,1462,103,0.9115343605837639
S085,0.7322259365870484,0.02006573715739801,-0.008473950991021988,0.133,0.13245,1451,104,0.9142482033092524
S217,0.7416722881024354,0.01933768108194789,0.01645075846197482,0.0847,0.08435,1439,104,0.9234342291303561
S413,0.7493325683886956,0.018739714391888262,0.008380235758868582,26.1032,27.0166,1449,104,0.9277929099637265
S309,0.7493711965091637,0.018730927075660375,-0.0016251303713031278,0.2194,0.22094999999999998,1462,104,0.9277929099637265
S286,0.7516100247639996,0.018559009483666955,-0.012347719558673531,1.8703,1.9062999999999999,1460,104,0.9279654495689604
S475,0.7564489302852725,0.01818734150464918,0.014791458655149909,32.65075,34.0142,1456,104,0.9313382372871599
S047,0.7602030483482125,0.01789566452699143,-0.009413236293034342,733.5767000000001,732.3281,1462,104,0.9313630289965421
S143,0.7631003161843453,0.017677974199713287,-0.015431501981432666,6.26,6.255,1449,104,0.9313630289965421
S290,0.776806309128329,0.016622760800842906,-0.0025612242983712443,2.5513,2.5217,1460,104,0.9313630289965421
S494,0.778611824753579,0.016483516483516536,0.019420208196440795,2.5372,2.4177,1463,104,0.9313630289965421
S076,0.7806447831885847,0.016337467258245586,0.02795688056295364,-0.0063,-0.005549999999999999,1439,104,0.9313630289965421
S367,0.786707574923936,0.015861106723529694,0.012758398294442155,0.0043,0.0043,1461,104,0.9313630289965421
S004,0.790862296507587,0.015554493815363335,-0.02463075784010627,1285.2144,1281.5368,1449,104,0.9313630289965421
S348,0.7913171792159812,0.0006863417982154729,-0.006764327008729993,0.0,0.0,1457,104,0.9313630289965421
S479,0.7913171792159812,0.0006863417982154729,-0.006764327008729995,0.0,0.0,1457,104,0.9313630289965421
S210,0.7913171792159812,0.0006863417982154729,-0.006764327008729993,0.0,0.0,1457,104,0.9313630289965421
S075,0.7913171792159812,0.0006863417982154729,-0.006764327008729993,0.0,0.0,1457,104,0.9313630289965421
S343,0.7913171792159812,0.0006863417982154729,-0.006764327008729993,0.0,0.0,1457,104,0.9313630289965421
S207,0.7913171792159812,0.0006863417982154729,-0.006764327008729993,0.0,0.0,1457,104,0.9313630289965421
S083,0.7967829131860763,0.015107980969690571,-0.012967479376129474,0.0076,0.0072499999999999995,1439,104,0.9313630289965421
S055,0.8022758648517786,0.014749301768852252,0.01412114829787705,4.843,4.845,1460,103,0.9313630289965421
S213,0.8041792231392162,0.01454669375100226,0.0024945706854842768,0.0415,0.043300000000000005,1439,104,0.9313630289965421
S301,0.8049866755542071,0.014543184625396832,0.08482179045468535,0.08285000000000001,0.0826,1462,103,0.9313630289965421
S186,0.8058813469147701,0.014409923182153062,-0.009002497504350481,6.75,6.52,1462,104,0.9313630289965421
S157,0.8113940410622119,0.01399258636100742,0.002153564138167656,0.0488,0.0482,1463,104,0.9313630289965421
S005,0.8162525118144437,0.013630089717046268,-0.013760223112688135,1.3168,1.30565,1449,104,0.9313630289965421
S275,0.8229397362131874,0.013125763125763079,-0.0053066428961204525,110.6014,110.75569999999999,1449,104,0.9313630289965421
S430,0.8250753448666337,0.01296072348703925,0.00027542522353006613,3.4539,3.42295,1463,104,0.9313630289965421
S457,0.8252236949693124,0.01294985793959813,0.0008624113826128472,11.4484,10.70995,1462,104,0.9313630289965421
S166,0.8271451327932071,0.012863081561366951,0.08424732430257945,0.1835,0.187,1462,103,0.9313630289965421
S062,0.8271962377487238,0.012802914312866287,0.012441681923123206,10.4367,10.43685,1457,104,0.9313630289965421
S551,0.8293930321692715,0.01388492086166504,0.05389067182342402,16.34,16.36,1221,86,0.9313630289965421
S140,0.8301693067365781,0.012581621277273358,-0.004782344324171713,340.6819,329.58799999999997,1449,104,0.9313630289965421
S351,0.8321556893089354,0.012435184690222867,0.0031378836367217684,0.0188,0.01895,1439,104,0.9313630289965421
S013,0.8321987840649299,0.01242563049544565,-0.005969181373790848,199.5093,199.75560000000002,1461,104,0.9313630289965421
S458,0.8330960702017446,0.012357939598021783,-0.00834606467004668,4.7961,4.734999999999999,1462,104,0.9313630289965421
S185,0.8357238488539912,0.012160633484162853,0.0031844847355701296,0.13325,0.1308,1462,104,0.9313630289965421
S109,0.8360617021229586,0.01213637083575314,0.0007053723067920793,-0.0109,-0.015449999999999998,1457,104,0.9313630289965421
S026,0.8391166095742038,0.011959943155406272,-0.03654473481601993,1.2833,1.2813,1462,103,0.9313630289965421
S276,0.8407745561031099,0.011785316133142265,-0.013621260514696538,0.0784,0.0784,1449,104,0.9313630289965421
S573,0.8408237082778734,0.011777695988222314,-0.03223339478167695,8.65,8.7,1463,104,0.9313630289965421
S541,0.8409596170840296,0.01176975945017178,0.005663458905173885,1.7855,1.7892000000000001,1455,104,0.9313630289965421
S269,0.8417530534591188,0.011710282844303421,0.0068120792590299776,17.977,18.08,1455,104,0.9313630289965421
S054,0.842333338522772,0.011716983641441692,0.00675830085947455,4.596,4.595,1460,103,0.9313630289965421
S577,0.8432806789731758,0.011593669488406344,-0.028487634832887253,1.6245,1.63325,1463,104,0.9313630289965421
S274,0.8441395560462887,0.011533152837500671,0.02470651003278994,19.5809,19.61965,1449,104,0.9313630289965421
S353,0.8447108274120351,0.011493024001710594,-0.021814288347460575,0.0219,0.02315,1439,104,0.9313630289965421
S019,0.8469324400893938,0.011321127502634365,-0.00885340104042045,189.6712,189.5427,1460,104,0.9313630289965421
S557,0.8470767820285292,0.012427861265070561,0.05043038579583812,4.0671,4.076499999999999,1221,86,0.9313630289965421
S567,0.8516995622781649,0.012294069192751222,0.002935197171265393,2.1479,2.252,1214,80,0.9337273266484326
S558,0.8534521266198343,0.01190408167152357,0.06421485025843715,1.5209,1.653,1221,86,0.9337273266484326
S046,0.8571630946818938,0.010555877091444787,0.008347431298998792,136.37725,136.5986,1462,104,0.935471821850363
S414,0.8606482731239669,0.010298879864097277,-0.006381214149221913,20.2645,19.1426,1449,104,0.9369619131054023
S108,0.8723606799888701,0.009424000844728386,-0.015248052403304459,0.0,0.0003,1457,104,0.946848627579474
S224,0.8740141177656682,0.009299910615700124,-0.0010682238600341403,119.436,120.47205,1463,104,0.946848627579474
S564,0.8825212421551918,0.00971993410214167,-0.017256991902405785,0.64985,0.65915,1214,80,0.9504420080795666
S321,0.8832228425147363,0.008615700305166785,0.0032817380659826353,0.0399,0.0393,1462,104,0.9504420080795666
S032,0.8837820482368821,0.008613018474493028,-0.049231628713333205,3.4312,3.4266,1462,103,0.9504420080795666
S484,0.8958907589488165,0.007677607312770673,-0.023905073066054633,148.6972,144.19495,1439,104,0.9611255229499439
S254,0.8984514972249845,0.007490511573207792,0.011232719535857468,0.0308,0.0304,1439,104,0.9615388904925984
S287,0.9015464997127624,0.007257639620653289,-0.021193882304284754,3.36005,3.3451,1460,104,0.9621991685356962
S088,0.903422296249579,0.007117882117882113,-0.03042177632415507,0.9875,0.98715,1463,104,0.9621991685356962
S278,0.9085385011808811,0.006742050220311047,-0.009612975120739513,2.0781,2.0870499999999996,1449,104,0.9638345796609852
S425,0.9101819141048105,0.006618809272918913,-0.02285947414257254,2.66045,2.7172,1460,104,0.9638345796609852
S141,0.9114996703581263,0.006523066305675007,-0.013618173213209073,0.2358,0.2383,1449,104,0.9638345796609852
S394,0.9149837564483958,0.006263473368736561,-0.0033458800400119736,0.134,0.1325,1463,104,0.9652095951078542
S007,0.917874871624737,0.006051919095397373,0.016244146416948848,101.5122,101.6389,1449,104,0.9659540315669851
S292,0.9220141733651284,0.005744255744255744,7.251140979173433e-06,0.017,0.016300000000000002,1463,104,0.9661254406437717
S322,0.9224093573567231,0.005715300431442749,-0.009775476536884,2.0794,2.0444,1462,104,0.9661254406437717
S437,0.9312400822090607,0.005086794257102234,0.1069096876857608,2.76215,2.8236,1462,103,0.9730688329465836
S027,0.9388639129561653,0.004522332753376768,-0.08151466062114111,1.9861499999999999,1.988,1462,103,0.9787213432231723
S496,0.9428760012537648,0.004206319995793684,-0.0035320227080470204,6.6079,6.61925,1463,104,0.9805910413039154
S526,0.9464919217520276,0.003942374512214686,0.011289400868470615,5.1377,5.07615,1439,104,0.9820409141183009
S002,0.9512724698170486,0.0036049603187824353,-0.002614835602361372,2499.15,2500.85,1457,103,0.9846895355014882
S152,0.9611073013272047,0.0028648577449947865,-0.022416047509510734,10.974,11.430499999999999,1460,104,0.9900615858619436
S097,0.9624645594036612,0.0027651655139644404,-0.009574032315098152,0.0041,0.00215,1457,104,0.9900615858619436
S497,0.9631820857932936,0.0027277911762483287,-0.00649260657658164,21.916,22.8348,1413,103,0.9900615858619436
S549,0.9712134625435229,0.0023332000076186077,0.009404873759438735,74.078,74.199,1221,86,0.990498437591436
S439,0.9714779995977838,0.002111750096290499,0.015589284992201103,49.001949999999994,50.4673,1462,103,0.990498437591436
S428,0.9757982048280025,0.0017847734457323572,0.0007501952885796727,3.9354,4.023899999999999,1460,104,0.990498437591436
S488,0.9765080023622891,0.001723953600256567,-0.011571357314039028,112.9319,105.4534,1439,104,0.990498437591436
S120,0.9768292988242236,0.0017088174982911042,0.005612002064796385,0.9691,0.9701,1463,104,0.990498437591436
S155,0.977052757443136,0.0016925711275026512,0.0015645708608907792,7.48485,7.7067,1460,104,0.990498437591436
S169,0.9853313828377662,0.0010890786660113783,0.007420220028288975,0.119,0.117,1462,103,0.9966051972867109
S473,0.9893036444018956,0.00079247675401517,0.0012195163768950338,138.32925,134.8724,1456,104,0.9969247393383575
S362,0.990158281831536,0.0007295336242705286,-0.004970889773975545,39.7426,38.7372,1463,104,0.9969247393383575
S368,0.9951471784054156,0.00036296922021006317,-0.0030674172940696777,0.0032,0.0033,1457,104,0.9996705746708947
S474,0.9995505598547306,3.9623837700730746e-05,0.009501883274572534,34.31445,33.05535,1456,104,1.0
S304,1.0,6.640723573259066e-06,0.007689521216322021,0.038849999999999996,0.0387,1462,103,1.0
